colis_id,transporteur,origine,destination,promesse_h
CL-20001,Transporteur B,Agadir,Oujda,72
CL-20002,Transporteur A,Casablanca,Agadir,48
CL-20003,Transporteur C,Fès,Agadir,48
CL-20004,Transporteur A,Marrakech,Agadir,24
CL-20005,Transporteur C,Agadir,Marrakech,24
CL-20006,Transporteur A,Casablanca,Oujda,72
CL-20007,Transporteur A,Casablanca,Marrakech,48
CL-20008,Transporteur B,Rabat,Agadir,48
CL-20009,Transporteur A,Tanger,Marrakech,48
CL-20010,Transporteur A,Marrakech,Rabat,48
CL-20011,Transporteur C,Marrakech,Laâyoune,72
CL-20012,Transporteur C,Casablanca,Marrakech,48
CL-20013,Transporteur D,Agadir,Laâyoune,72
CL-20014,Transporteur B,Casablanca,Marrakech,48
CL-20015,Transporteur B,Marrakech,Agadir,24
CL-20016,Transporteur A,Marrakech,Casablanca,48
CL-20017,Transporteur B,Casablanca,Marrakech,48
CL-20018,Transporteur B,Marrakech,Casablanca,48
CL-20019,Transporteur A,Fès,Marrakech,48
CL-20020,Transporteur B,Rabat,Oujda,72
CL-20021,Transporteur A,Rabat,Oujda,72
CL-20022,Transporteur D,Casablanca,Fès,48
CL-20023,Transporteur A,Marrakech,Agadir,24
CL-20024,Transporteur D,Rabat,Oujda,72
CL-20025,Transporteur C,Casablanca,Fès,48
CL-20026,Transporteur A,Tanger,Laâyoune,72
CL-20027,Transporteur A,Rabat,Marrakech,48
CL-20028,Transporteur A,Casablanca,Fès,48
CL-20029,Transporteur C,Casablanca,Agadir,48
CL-20030,Transporteur A,Rabat,Tanger,48
CL-20031,Transporteur D,Agadir,Marrakech,24
CL-20032,Transporteur B,Agadir,Laâyoune,72
CL-20033,Transporteur A,Tanger,Casablanca,48
CL-20034,Transporteur A,Casablanca,Rabat,24
CL-20035,Transporteur B,Fès,Tanger,24
CL-20036,Transporteur A,Casablanca,Agadir,48
CL-20037,Transporteur A,Agadir,Rabat,48
CL-20038,Transporteur D,Tanger,Oujda,72
CL-20039,Transporteur B,Rabat,Laâyoune,72
CL-20040,Transporteur C,Casablanca,Marrakech,48
CL-20041,Transporteur A,Tanger,Fès,24
CL-20042,Transporteur D,Casablanca,Marrakech,48
CL-20043,Transporteur C,Casablanca,Marrakech,48
CL-20044,Transporteur C,Casablanca,Oujda,72
CL-20045,Transporteur C,Casablanca,Agadir,48
CL-20046,Transporteur A,Casablanca,Fès,48
CL-20047,Transporteur C,Tanger,Agadir,48
CL-20048,Transporteur C,Tanger,Rabat,48
CL-20049,Transporteur C,Tanger,Agadir,48
CL-20050,Transporteur A,Tanger,Casablanca,48
CL-20051,Transporteur B,Agadir,Fès,48
CL-20052,Transporteur B,Tanger,Oujda,72
CL-20053,Transporteur C,Fès,Casablanca,48
CL-20054,Transporteur C,Fès,Casablanca,48
CL-20055,Transporteur D,Rabat,Laâyoune,72
CL-20056,Transporteur C,Rabat,Agadir,48
CL-20057,Transporteur A,Casablanca,Oujda,72
CL-20058,Transporteur D,Fès,Marrakech,48
CL-20059,Transporteur C,Casablanca,Agadir,48
CL-20060,Transporteur C,Fès,Tanger,24
CL-20061,Transporteur A,Fès,Laâyoune,72
CL-20062,Transporteur B,Rabat,Oujda,72
CL-20063,Transporteur B,Fès,Agadir,48
CL-20064,Transporteur B,Casablanca,Tanger,48
CL-20065,Transporteur B,Casablanca,Laâyoune,72
CL-20066,Transporteur A,Agadir,Laâyoune,72
CL-20067,Transporteur B,Tanger,Laâyoune,72
CL-20068,Transporteur A,Fès,Tanger,24
CL-20069,Transporteur C,Marrakech,Tanger,48
CL-20070,Transporteur D,Agadir,Rabat,48
CL-20071,Transporteur D,Tanger,Rabat,48
CL-20072,Transporteur A,Casablanca,Tanger,48
CL-20073,Transporteur A,Casablanca,Rabat,24
CL-20074,Transporteur A,Marrakech,Agadir,24
CL-20075,Transporteur A,Casablanca,Oujda,72
CL-20076,Transporteur A,Casablanca,Fès,48
CL-20077,Transporteur A,Casablanca,Oujda,72
CL-20078,Transporteur D,Agadir,Rabat,48
CL-20079,Transporteur D,Tanger,Casablanca,48
CL-20080,Transporteur A,Tanger,Marrakech,48
CL-20081,Transporteur C,Casablanca,Fès,48
CL-20082,Transporteur A,Marrakech,Rabat,48
CL-20083,Transporteur A,Tanger,Oujda,72
CL-20084,Transporteur A,Casablanca,Oujda,72
CL-20085,Transporteur A,Tanger,Rabat,48
CL-20086,Transporteur C,Casablanca,Fès,48
CL-20087,Transporteur D,Marrakech,Casablanca,48
CL-20088,Transporteur B,Rabat,Oujda,72
CL-20089,Transporteur B,Tanger,Casablanca,48
CL-20090,Transporteur B,Marrakech,Tanger,48
CL-20091,Transporteur C,Casablanca,Tanger,48
CL-20092,Transporteur A,Casablanca,Fès,48
CL-20093,Transporteur A,Casablanca,Rabat,24
CL-20094,Transporteur B,Casablanca,Rabat,24
CL-20095,Transporteur C,Casablanca,Agadir,48
CL-20096,Transporteur C,Rabat,Marrakech,48
CL-20097,Transporteur B,Tanger,Rabat,48
CL-20098,Transporteur D,Casablanca,Agadir,48
CL-20099,Transporteur A,Tanger,Marrakech,48
CL-20100,Transporteur B,Casablanca,Marrakech,48
CL-20101,Transporteur C,Casablanca,Agadir,48
CL-20102,Transporteur A,Rabat,Marrakech,48
CL-20103,Transporteur A,Marrakech,Tanger,48
CL-20104,Transporteur D,Fès,Tanger,24
CL-20105,Transporteur A,Casablanca,Oujda,72
CL-20106,Transporteur B,Tanger,Marrakech,48
CL-20107,Transporteur B,Rabat,Oujda,72
CL-20108,Transporteur A,Marrakech,Oujda,72
CL-20109,Transporteur C,Tanger,Rabat,48
CL-20110,Transporteur D,Rabat,Marrakech,48
CL-20111,Transporteur B,Casablanca,Tanger,48
CL-20112,Transporteur C,Casablanca,Marrakech,48
CL-20113,Transporteur C,Tanger,Laâyoune,72
CL-20114,Transporteur C,Tanger,Laâyoune,72
CL-20115,Transporteur C,Tanger,Laâyoune,72
CL-20116,Transporteur B,Agadir,Casablanca,48
CL-20117,Transporteur A,Casablanca,Agadir,48
CL-20118,Transporteur C,Marrakech,Agadir,24
CL-20119,Transporteur D,Fès,Agadir,48
CL-20120,Transporteur D,Casablanca,Agadir,48
CL-20121,Transporteur C,Casablanca,Oujda,72
CL-20122,Transporteur A,Marrakech,Rabat,48
CL-20123,Transporteur A,Casablanca,Agadir,48
CL-20124,Transporteur B,Casablanca,Marrakech,48
CL-20125,Transporteur A,Casablanca,Oujda,72
CL-20126,Transporteur D,Marrakech,Oujda,72
CL-20127,Transporteur A,Tanger,Agadir,48
CL-20128,Transporteur C,Tanger,Laâyoune,72
CL-20129,Transporteur A,Casablanca,Agadir,48
CL-20130,Transporteur C,Casablanca,Oujda,72
CL-20131,Transporteur C,Tanger,Agadir,48
CL-20132,Transporteur A,Tanger,Marrakech,48
CL-20133,Transporteur B,Casablanca,Tanger,48
CL-20134,Transporteur C,Casablanca,Marrakech,48
CL-20135,Transporteur A,Tanger,Rabat,48
CL-20136,Transporteur C,Marrakech,Fès,48
CL-20137,Transporteur B,Casablanca,Fès,48
CL-20138,Transporteur B,Marrakech,Laâyoune,72
CL-20139,Transporteur D,Agadir,Casablanca,48
CL-20140,Transporteur A,Marrakech,Tanger,48
CL-20141,Transporteur D,Fès,Marrakech,48
CL-20142,Transporteur A,Tanger,Oujda,72
CL-20143,Transporteur B,Casablanca,Tanger,48
CL-20144,Transporteur B,Casablanca,Marrakech,48
CL-20145,Transporteur B,Tanger,Fès,24
CL-20146,Transporteur C,Casablanca,Oujda,72
CL-20147,Transporteur D,Tanger,Casablanca,48
CL-20148,Transporteur A,Casablanca,Marrakech,48
CL-20149,Transporteur C,Fès,Tanger,24
CL-20150,Transporteur D,Casablanca,Marrakech,48
CL-20151,Transporteur A,Rabat,Marrakech,48
CL-20152,Transporteur C,Tanger,Fès,24
CL-20153,Transporteur A,Tanger,Agadir,48
CL-20154,Transporteur A,Casablanca,Oujda,72
CL-20155,Transporteur B,Casablanca,Tanger,48
CL-20156,Transporteur B,Casablanca,Tanger,48
CL-20157,Transporteur B,Tanger,Fès,24
CL-20158,Transporteur B,Casablanca,Oujda,72
CL-20159,Transporteur C,Casablanca,Tanger,48
CL-20160,Transporteur A,Casablanca,Tanger,48
CL-20161,Transporteur A,Marrakech,Agadir,24
CL-20162,Transporteur C,Tanger,Oujda,72
CL-20163,Transporteur C,Marrakech,Casablanca,48
CL-20164,Transporteur A,Tanger,Oujda,72
CL-20165,Transporteur A,Casablanca,Tanger,48
CL-20166,Transporteur A,Rabat,Fès,48
CL-20167,Transporteur A,Tanger,Oujda,72
CL-20168,Transporteur A,Rabat,Agadir,48
CL-20169,Transporteur C,Casablanca,Oujda,72
CL-20170,Transporteur A,Tanger,Oujda,72
CL-20171,Transporteur D,Casablanca,Oujda,72
CL-20172,Transporteur D,Casablanca,Marrakech,48
CL-20173,Transporteur D,Rabat,Fès,48
CL-20174,Transporteur A,Tanger,Rabat,48
CL-20175,Transporteur B,Tanger,Oujda,72
CL-20176,Transporteur A,Rabat,Agadir,48
CL-20177,Transporteur B,Marrakech,Laâyoune,72
CL-20178,Transporteur C,Tanger,Rabat,48
CL-20179,Transporteur C,Tanger,Rabat,48
CL-20180,Transporteur B,Marrakech,Oujda,72
CL-20181,Transporteur A,Casablanca,Fès,48
CL-20182,Transporteur B,Tanger,Agadir,48
CL-20183,Transporteur B,Fès,Rabat,48
CL-20184,Transporteur A,Rabat,Casablanca,24
CL-20185,Transporteur C,Tanger,Fès,24
CL-20186,Transporteur D,Marrakech,Laâyoune,72
CL-20187,Transporteur D,Casablanca,Marrakech,48
CL-20188,Transporteur B,Marrakech,Agadir,24
CL-20189,Transporteur A,Agadir,Tanger,48
CL-20190,Transporteur A,Fès,Tanger,24
CL-20191,Transporteur A,Marrakech,Fès,48
CL-20192,Transporteur D,Casablanca,Tanger,48
CL-20193,Transporteur A,Casablanca,Fès,48
CL-20194,Transporteur D,Casablanca,Laâyoune,72
CL-20195,Transporteur A,Casablanca,Laâyoune,72
CL-20196,Transporteur B,Casablanca,Tanger,48
CL-20197,Transporteur C,Agadir,Fès,48
CL-20198,Transporteur B,Casablanca,Tanger,48
CL-20199,Transporteur B,Fès,Oujda,72
CL-20200,Transporteur B,Casablanca,Marrakech,48
CL-20201,Transporteur C,Marrakech,Rabat,48
CL-20202,Transporteur A,Rabat,Fès,48
CL-20203,Transporteur B,Fès,Casablanca,48
CL-20204,Transporteur C,Tanger,Marrakech,48
CL-20205,Transporteur B,Casablanca,Marrakech,48
CL-20206,Transporteur B,Casablanca,Laâyoune,72
CL-20207,Transporteur B,Tanger,Laâyoune,72
CL-20208,Transporteur C,Rabat,Oujda,72
CL-20209,Transporteur A,Casablanca,Agadir,48
CL-20210,Transporteur B,Tanger,Laâyoune,72
CL-20211,Transporteur B,Casablanca,Fès,48
CL-20212,Transporteur C,Rabat,Fès,48
CL-20213,Transporteur A,Rabat,Casablanca,24
CL-20214,Transporteur A,Casablanca,Rabat,24
CL-20215,Transporteur A,Casablanca,Fès,48
CL-20216,Transporteur C,Agadir,Tanger,48
CL-20217,Transporteur C,Tanger,Fès,24
CL-20218,Transporteur D,Casablanca,Laâyoune,72
CL-20219,Transporteur A,Casablanca,Tanger,48
CL-20220,Transporteur A,Rabat,Tanger,48
CL-20221,Transporteur A,Casablanca,Tanger,48
CL-20222,Transporteur A,Casablanca,Laâyoune,72
CL-20223,Transporteur A,Marrakech,Agadir,24
CL-20224,Transporteur A,Casablanca,Tanger,48
CL-20225,Transporteur B,Tanger,Laâyoune,72
CL-20226,Transporteur C,Marrakech,Casablanca,48
CL-20227,Transporteur C,Casablanca,Fès,48
CL-20228,Transporteur A,Rabat,Fès,48
CL-20229,Transporteur A,Marrakech,Oujda,72
CL-20230,Transporteur C,Tanger,Rabat,48
CL-20231,Transporteur B,Casablanca,Laâyoune,72
CL-20232,Transporteur A,Rabat,Fès,48
CL-20233,Transporteur D,Rabat,Fès,48
CL-20234,Transporteur C,Casablanca,Marrakech,48
CL-20235,Transporteur C,Tanger,Rabat,48
CL-20236,Transporteur A,Tanger,Agadir,48
CL-20237,Transporteur B,Casablanca,Laâyoune,72
CL-20238,Transporteur A,Casablanca,Rabat,24
CL-20239,Transporteur D,Casablanca,Tanger,48
CL-20240,Transporteur B,Tanger,Marrakech,48
CL-20241,Transporteur C,Tanger,Rabat,48
CL-20242,Transporteur A,Fès,Laâyoune,72
CL-20243,Transporteur A,Casablanca,Marrakech,48
CL-20244,Transporteur A,Rabat,Casablanca,24
CL-20245,Transporteur A,Tanger,Casablanca,48
CL-20246,Transporteur C,Casablanca,Rabat,24
CL-20247,Transporteur C,Rabat,Oujda,72
CL-20248,Transporteur B,Casablanca,Rabat,24
CL-20249,Transporteur B,Casablanca,Fès,48
CL-20250,Transporteur C,Agadir,Oujda,72
CL-20251,Transporteur A,Marrakech,Laâyoune,72
CL-20252,Transporteur B,Tanger,Agadir,48
CL-20253,Transporteur B,Tanger,Marrakech,48
CL-20254,Transporteur A,Casablanca,Marrakech,48
CL-20255,Transporteur D,Casablanca,Fès,48
CL-20256,Transporteur A,Tanger,Casablanca,48
CL-20257,Transporteur D,Marrakech,Oujda,72
CL-20258,Transporteur C,Tanger,Oujda,72
CL-20259,Transporteur B,Tanger,Casablanca,48
CL-20260,Transporteur B,Tanger,Marrakech,48
CL-20261,Transporteur C,Casablanca,Oujda,72
CL-20262,Transporteur A,Casablanca,Laâyoune,72
CL-20263,Transporteur A,Fès,Rabat,48
CL-20264,Transporteur A,Rabat,Tanger,48
CL-20265,Transporteur C,Tanger,Rabat,48
CL-20266,Transporteur D,Fès,Tanger,24
CL-20267,Transporteur A,Tanger,Agadir,48
CL-20268,Transporteur D,Casablanca,Agadir,48
CL-20269,Transporteur C,Agadir,Casablanca,48
CL-20270,Transporteur A,Casablanca,Marrakech,48
CL-20271,Transporteur C,Tanger,Laâyoune,72
CL-20272,Transporteur C,Rabat,Tanger,48
CL-20273,Transporteur D,Rabat,Fès,48
CL-20274,Transporteur C,Marrakech,Tanger,48
CL-20275,Transporteur A,Casablanca,Tanger,48
CL-20276,Transporteur C,Marrakech,Laâyoune,72
CL-20277,Transporteur A,Agadir,Oujda,72
CL-20278,Transporteur A,Casablanca,Tanger,48
CL-20279,Transporteur D,Fès,Agadir,48
CL-20280,Transporteur A,Casablanca,Rabat,24
CL-20281,Transporteur A,Casablanca,Oujda,72
CL-20282,Transporteur B,Casablanca,Agadir,48
CL-20283,Transporteur B,Marrakech,Laâyoune,72
CL-20284,Transporteur A,Tanger,Agadir,48
CL-20285,Transporteur C,Tanger,Casablanca,48
CL-20286,Transporteur A,Marrakech,Oujda,72
CL-20287,Transporteur C,Marrakech,Casablanca,48
CL-20288,Transporteur A,Agadir,Fès,48
CL-20289,Transporteur A,Casablanca,Rabat,24
CL-20290,Transporteur A,Casablanca,Oujda,72
CL-20291,Transporteur A,Casablanca,Oujda,72
CL-20292,Transporteur C,Casablanca,Marrakech,48
CL-20293,Transporteur A,Casablanca,Tanger,48
CL-20294,Transporteur C,Casablanca,Fès,48
CL-20295,Transporteur C,Tanger,Laâyoune,72
CL-20296,Transporteur D,Rabat,Casablanca,24
CL-20297,Transporteur A,Tanger,Rabat,48
CL-20298,Transporteur A,Casablanca,Laâyoune,72
CL-20299,Transporteur B,Casablanca,Oujda,72
CL-20300,Transporteur A,Marrakech,Tanger,48
CL-20301,Transporteur A,Casablanca,Agadir,48
CL-20302,Transporteur A,Rabat,Marrakech,48
CL-20303,Transporteur D,Casablanca,Oujda,72
CL-20304,Transporteur A,Casablanca,Tanger,48
CL-20305,Transporteur B,Casablanca,Tanger,48
CL-20306,Transporteur B,Casablanca,Rabat,24
CL-20307,Transporteur B,Casablanca,Fès,48
CL-20308,Transporteur A,Rabat,Marrakech,48
CL-20309,Transporteur A,Casablanca,Rabat,24
CL-20310,Transporteur D,Casablanca,Rabat,24
CL-20311,Transporteur D,Tanger,Laâyoune,72
CL-20312,Transporteur A,Rabat,Marrakech,48
CL-20313,Transporteur A,Marrakech,Rabat,48
CL-20314,Transporteur B,Agadir,Tanger,48
CL-20315,Transporteur B,Casablanca,Rabat,24
CL-20316,Transporteur A,Casablanca,Oujda,72
CL-20317,Transporteur A,Tanger,Rabat,48
CL-20318,Transporteur A,Casablanca,Agadir,48
CL-20319,Transporteur B,Fès,Rabat,48
CL-20320,Transporteur A,Casablanca,Agadir,48
CL-20321,Transporteur C,Tanger,Fès,24
CL-20322,Transporteur B,Casablanca,Laâyoune,72
CL-20323,Transporteur A,Fès,Casablanca,48
CL-20324,Transporteur C,Tanger,Agadir,48
CL-20325,Transporteur B,Casablanca,Tanger,48
CL-20326,Transporteur D,Marrakech,Laâyoune,72
CL-20327,Transporteur C,Casablanca,Agadir,48
CL-20328,Transporteur D,Casablanca,Rabat,24
CL-20329,Transporteur B,Tanger,Agadir,48
CL-20330,Transporteur A,Tanger,Agadir,48
CL-20331,Transporteur C,Fès,Laâyoune,72
CL-20332,Transporteur B,Casablanca,Fès,48
CL-20333,Transporteur C,Casablanca,Oujda,72
CL-20334,Transporteur C,Casablanca,Oujda,72
CL-20335,Transporteur B,Tanger,Rabat,48
CL-20336,Transporteur C,Tanger,Fès,24
CL-20337,Transporteur D,Casablanca,Laâyoune,72
CL-20338,Transporteur C,Casablanca,Marrakech,48
CL-20339,Transporteur D,Rabat,Casablanca,24
CL-20340,Transporteur C,Casablanca,Tanger,48
CL-20341,Transporteur D,Tanger,Oujda,72
CL-20342,Transporteur A,Rabat,Laâyoune,72
CL-20343,Transporteur A,Tanger,Oujda,72
CL-20344,Transporteur B,Tanger,Agadir,48
CL-20345,Transporteur B,Rabat,Oujda,72
CL-20346,Transporteur B,Casablanca,Oujda,72
CL-20347,Transporteur D,Marrakech,Fès,48
CL-20348,Transporteur C,Rabat,Oujda,72
CL-20349,Transporteur B,Casablanca,Tanger,48
CL-20350,Transporteur D,Fès,Laâyoune,72
CL-20351,Transporteur B,Agadir,Marrakech,24
CL-20352,Transporteur A,Tanger,Marrakech,48
CL-20353,Transporteur A,Marrakech,Tanger,48
CL-20354,Transporteur A,Rabat,Tanger,48
CL-20355,Transporteur A,Tanger,Oujda,72
CL-20356,Transporteur C,Tanger,Oujda,72
CL-20357,Transporteur D,Casablanca,Marrakech,48
CL-20358,Transporteur D,Fès,Oujda,72
CL-20359,Transporteur A,Fès,Agadir,48
CL-20360,Transporteur D,Fès,Laâyoune,72
CL-20361,Transporteur D,Casablanca,Agadir,48
CL-20362,Transporteur C,Marrakech,Agadir,24
CL-20363,Transporteur A,Fès,Oujda,72
CL-20364,Transporteur A,Casablanca,Oujda,72
CL-20365,Transporteur D,Rabat,Casablanca,24
CL-20366,Transporteur B,Tanger,Marrakech,48
CL-20367,Transporteur C,Marrakech,Agadir,24
CL-20368,Transporteur C,Casablanca,Rabat,24
CL-20369,Transporteur A,Tanger,Rabat,48
CL-20370,Transporteur B,Tanger,Agadir,48
CL-20371,Transporteur A,Rabat,Laâyoune,72
CL-20372,Transporteur A,Casablanca,Agadir,48
CL-20373,Transporteur C,Fès,Laâyoune,72
CL-20374,Transporteur A,Tanger,Marrakech,48
CL-20375,Transporteur C,Rabat,Agadir,48
CL-20376,Transporteur C,Casablanca,Fès,48
CL-20377,Transporteur D,Marrakech,Laâyoune,72
CL-20378,Transporteur B,Agadir,Laâyoune,72
CL-20379,Transporteur A,Tanger,Marrakech,48
CL-20380,Transporteur C,Tanger,Casablanca,48
CL-20381,Transporteur A,Tanger,Oujda,72
CL-20382,Transporteur D,Fès,Rabat,48
CL-20383,Transporteur A,Tanger,Casablanca,48
CL-20384,Transporteur C,Marrakech,Rabat,48
CL-20385,Transporteur A,Fès,Casablanca,48
CL-20386,Transporteur B,Casablanca,Rabat,24
CL-20387,Transporteur C,Fès,Casablanca,48
CL-20388,Transporteur C,Marrakech,Oujda,72
CL-20389,Transporteur C,Fès,Agadir,48
CL-20390,Transporteur B,Rabat,Casablanca,24
CL-20391,Transporteur A,Tanger,Agadir,48
CL-20392,Transporteur B,Marrakech,Fès,48
CL-20393,Transporteur B,Casablanca,Oujda,72
CL-20394,Transporteur D,Casablanca,Tanger,48
CL-20395,Transporteur C,Tanger,Oujda,72
CL-20396,Transporteur C,Casablanca,Rabat,24
CL-20397,Transporteur A,Casablanca,Fès,48
CL-20398,Transporteur A,Casablanca,Tanger,48
CL-20399,Transporteur D,Casablanca,Agadir,48
CL-20400,Transporteur A,Casablanca,Tanger,48
CL-20401,Transporteur A,Casablanca,Tanger,48
CL-20402,Transporteur C,Casablanca,Fès,48
CL-20403,Transporteur B,Casablanca,Marrakech,48
CL-20404,Transporteur C,Rabat,Casablanca,24
CL-20405,Transporteur A,Fès,Agadir,48
CL-20406,Transporteur A,Casablanca,Tanger,48
CL-20407,Transporteur A,Casablanca,Oujda,72
CL-20408,Transporteur B,Casablanca,Oujda,72
CL-20409,Transporteur C,Tanger,Laâyoune,72
CL-20410,Transporteur C,Casablanca,Agadir,48
CL-20411,Transporteur B,Casablanca,Agadir,48
CL-20412,Transporteur B,Fès,Casablanca,48
CL-20413,Transporteur D,Marrakech,Fès,48
CL-20414,Transporteur A,Fès,Agadir,48
CL-20415,Transporteur C,Casablanca,Fès,48
CL-20416,Transporteur A,Rabat,Casablanca,24
CL-20417,Transporteur A,Casablanca,Rabat,24
CL-20418,Transporteur B,Casablanca,Tanger,48
CL-20419,Transporteur D,Fès,Tanger,24
CL-20420,Transporteur C,Tanger,Oujda,72
CL-20421,Transporteur A,Casablanca,Laâyoune,72
CL-20422,Transporteur D,Rabat,Fès,48
CL-20423,Transporteur A,Tanger,Laâyoune,72
CL-20424,Transporteur A,Fès,Oujda,72
CL-20425,Transporteur B,Casablanca,Tanger,48
CL-20426,Transporteur C,Casablanca,Tanger,48
CL-20427,Transporteur D,Rabat,Marrakech,48
CL-20428,Transporteur C,Casablanca,Laâyoune,72
CL-20429,Transporteur B,Casablanca,Agadir,48
CL-20430,Transporteur A,Casablanca,Tanger,48
CL-20431,Transporteur B,Casablanca,Rabat,24
CL-20432,Transporteur A,Casablanca,Tanger,48
CL-20433,Transporteur A,Casablanca,Agadir,48
CL-20434,Transporteur A,Fès,Agadir,48
CL-20435,Transporteur D,Fès,Marrakech,48
CL-20436,Transporteur A,Casablanca,Fès,48
CL-20437,Transporteur B,Tanger,Fès,24
CL-20438,Transporteur D,Casablanca,Tanger,48
CL-20439,Transporteur A,Marrakech,Rabat,48
CL-20440,Transporteur D,Casablanca,Marrakech,48
CL-20441,Transporteur C,Casablanca,Rabat,24
CL-20442,Transporteur D,Casablanca,Marrakech,48
CL-20443,Transporteur A,Tanger,Rabat,48
CL-20444,Transporteur C,Casablanca,Marrakech,48
CL-20445,Transporteur D,Fès,Casablanca,48
CL-20446,Transporteur C,Fès,Laâyoune,72
CL-20447,Transporteur A,Marrakech,Casablanca,48
CL-20448,Transporteur C,Casablanca,Fès,48
CL-20449,Transporteur A,Casablanca,Laâyoune,72
CL-20450,Transporteur A,Tanger,Casablanca,48
CL-20451,Transporteur A,Casablanca,Tanger,48
CL-20452,Transporteur B,Fès,Tanger,24
CL-20453,Transporteur A,Fès,Agadir,48
CL-20454,Transporteur A,Casablanca,Marrakech,48
CL-20455,Transporteur A,Casablanca,Oujda,72
CL-20456,Transporteur D,Rabat,Laâyoune,72
CL-20457,Transporteur B,Tanger,Laâyoune,72
CL-20458,Transporteur A,Tanger,Marrakech,48
CL-20459,Transporteur C,Rabat,Tanger,48
CL-20460,Transporteur A,Fès,Agadir,48
CL-20461,Transporteur C,Marrakech,Rabat,48
CL-20462,Transporteur A,Casablanca,Rabat,24
CL-20463,Transporteur A,Fès,Tanger,24
CL-20464,Transporteur B,Marrakech,Rabat,48
CL-20465,Transporteur D,Tanger,Casablanca,48
CL-20466,Transporteur A,Casablanca,Marrakech,48
CL-20467,Transporteur B,Casablanca,Marrakech,48
CL-20468,Transporteur B,Casablanca,Rabat,24
CL-20469,Transporteur A,Fès,Agadir,48
CL-20470,Transporteur A,Casablanca,Marrakech,48
CL-20471,Transporteur A,Casablanca,Laâyoune,72
CL-20472,Transporteur A,Tanger,Laâyoune,72
CL-20473,Transporteur A,Casablanca,Agadir,48
CL-20474,Transporteur A,Rabat,Marrakech,48
CL-20475,Transporteur D,Rabat,Oujda,72
CL-20476,Transporteur A,Fès,Rabat,48
CL-20477,Transporteur D,Casablanca,Oujda,72
CL-20478,Transporteur D,Rabat,Marrakech,48
CL-20479,Transporteur D,Tanger,Laâyoune,72
CL-20480,Transporteur A,Casablanca,Oujda,72
CL-20481,Transporteur C,Fès,Oujda,72
CL-20482,Transporteur A,Casablanca,Agadir,48
CL-20483,Transporteur D,Casablanca,Laâyoune,72
CL-20484,Transporteur B,Tanger,Fès,24
CL-20485,Transporteur B,Marrakech,Laâyoune,72
CL-20486,Transporteur C,Casablanca,Agadir,48
CL-20487,Transporteur C,Agadir,Laâyoune,72
CL-20488,Transporteur B,Casablanca,Laâyoune,72
CL-20489,Transporteur A,Rabat,Casablanca,24
CL-20490,Transporteur B,Casablanca,Rabat,24
CL-20491,Transporteur A,Rabat,Tanger,48
CL-20492,Transporteur D,Tanger,Marrakech,48
CL-20493,Transporteur A,Fès,Agadir,48
CL-20494,Transporteur D,Casablanca,Agadir,48
CL-20495,Transporteur A,Casablanca,Tanger,48
CL-20496,Transporteur A,Casablanca,Tanger,48
CL-20497,Transporteur D,Casablanca,Agadir,48
CL-20498,Transporteur B,Casablanca,Rabat,24
CL-20499,Transporteur D,Marrakech,Laâyoune,72
CL-20500,Transporteur C,Tanger,Agadir,48
CL-20501,Transporteur B,Casablanca,Laâyoune,72
CL-20502,Transporteur B,Rabat,Marrakech,48
CL-20503,Transporteur D,Fès,Marrakech,48
CL-20504,Transporteur A,Rabat,Oujda,72
CL-20505,Transporteur D,Casablanca,Fès,48
CL-20506,Transporteur B,Casablanca,Oujda,72
CL-20507,Transporteur A,Marrakech,Oujda,72
CL-20508,Transporteur A,Fès,Tanger,24
CL-20509,Transporteur A,Casablanca,Marrakech,48
CL-20510,Transporteur A,Casablanca,Marrakech,48
CL-20511,Transporteur A,Tanger,Marrakech,48
CL-20512,Transporteur A,Fès,Oujda,72
CL-20513,Transporteur B,Casablanca,Rabat,24
CL-20514,Transporteur A,Fès,Laâyoune,72
CL-20515,Transporteur D,Casablanca,Marrakech,48
CL-20516,Transporteur C,Tanger,Agadir,48
CL-20517,Transporteur A,Marrakech,Tanger,48
CL-20518,Transporteur B,Casablanca,Marrakech,48
CL-20519,Transporteur D,Tanger,Fès,24
CL-20520,Transporteur A,Casablanca,Rabat,24
CL-20521,Transporteur D,Casablanca,Marrakech,48
CL-20522,Transporteur B,Casablanca,Laâyoune,72
CL-20523,Transporteur C,Casablanca,Laâyoune,72
CL-20524,Transporteur C,Marrakech,Rabat,48
CL-20525,Transporteur D,Tanger,Agadir,48
CL-20526,Transporteur D,Fès,Laâyoune,72
CL-20527,Transporteur A,Marrakech,Tanger,48
CL-20528,Transporteur A,Rabat,Casablanca,24
CL-20529,Transporteur A,Casablanca,Tanger,48
CL-20530,Transporteur A,Rabat,Laâyoune,72
CL-20531,Transporteur A,Casablanca,Fès,48
CL-20532,Transporteur D,Tanger,Laâyoune,72
CL-20533,Transporteur D,Rabat,Marrakech,48
CL-20534,Transporteur C,Tanger,Oujda,72
CL-20535,Transporteur A,Agadir,Fès,48
CL-20536,Transporteur A,Casablanca,Laâyoune,72
CL-20537,Transporteur B,Fès,Agadir,48
CL-20538,Transporteur C,Rabat,Marrakech,48
CL-20539,Transporteur A,Tanger,Agadir,48
CL-20540,Transporteur A,Casablanca,Marrakech,48
CL-20541,Transporteur C,Fès,Marrakech,48
CL-20542,Transporteur D,Casablanca,Rabat,24
CL-20543,Transporteur D,Fès,Laâyoune,72
CL-20544,Transporteur D,Tanger,Casablanca,48
CL-20545,Transporteur A,Casablanca,Tanger,48
CL-20546,Transporteur A,Tanger,Oujda,72
CL-20547,Transporteur B,Tanger,Fès,24
CL-20548,Transporteur C,Rabat,Casablanca,24
CL-20549,Transporteur D,Fès,Rabat,48
CL-20550,Transporteur B,Casablanca,Laâyoune,72
CL-20551,Transporteur A,Casablanca,Marrakech,48
CL-20552,Transporteur D,Rabat,Oujda,72
CL-20553,Transporteur B,Rabat,Marrakech,48
CL-20554,Transporteur B,Casablanca,Marrakech,48
CL-20555,Transporteur D,Marrakech,Oujda,72
CL-20556,Transporteur D,Casablanca,Rabat,24
CL-20557,Transporteur C,Tanger,Fès,24
CL-20558,Transporteur C,Marrakech,Laâyoune,72
CL-20559,Transporteur A,Casablanca,Tanger,48
CL-20560,Transporteur A,Tanger,Agadir,48
CL-20561,Transporteur B,Rabat,Agadir,48
CL-20562,Transporteur D,Tanger,Oujda,72
CL-20563,Transporteur B,Rabat,Casablanca,24
CL-20564,Transporteur C,Casablanca,Marrakech,48
CL-20565,Transporteur C,Casablanca,Fès,48
CL-20566,Transporteur A,Casablanca,Marrakech,48
CL-20567,Transporteur A,Fès,Tanger,24
CL-20568,Transporteur C,Casablanca,Agadir,48
CL-20569,Transporteur D,Fès,Marrakech,48
CL-20570,Transporteur B,Rabat,Tanger,48
CL-20571,Transporteur D,Fès,Marrakech,48
CL-20572,Transporteur C,Casablanca,Rabat,24
CL-20573,Transporteur D,Fès,Marrakech,48
CL-20574,Transporteur C,Casablanca,Laâyoune,72
CL-20575,Transporteur C,Casablanca,Agadir,48
CL-20576,Transporteur A,Casablanca,Agadir,48
CL-20577,Transporteur A,Rabat,Tanger,48
CL-20578,Transporteur B,Casablanca,Tanger,48
CL-20579,Transporteur A,Rabat,Fès,48
CL-20580,Transporteur B,Tanger,Fès,24
CL-20581,Transporteur A,Casablanca,Rabat,24
CL-20582,Transporteur B,Casablanca,Marrakech,48
CL-20583,Transporteur D,Casablanca,Oujda,72
CL-20584,Transporteur B,Casablanca,Oujda,72
CL-20585,Transporteur C,Fès,Oujda,72
CL-20586,Transporteur D,Marrakech,Oujda,72
CL-20587,Transporteur C,Rabat,Casablanca,24
CL-20588,Transporteur A,Marrakech,Oujda,72
CL-20589,Transporteur C,Fès,Agadir,48
CL-20590,Transporteur D,Casablanca,Tanger,48
CL-20591,Transporteur D,Tanger,Laâyoune,72
CL-20592,Transporteur B,Tanger,Casablanca,48
CL-20593,Transporteur B,Casablanca,Laâyoune,72
CL-20594,Transporteur D,Casablanca,Marrakech,48
CL-20595,Transporteur C,Fès,Laâyoune,72
CL-20596,Transporteur D,Tanger,Fès,24
CL-20597,Transporteur D,Rabat,Casablanca,24
CL-20598,Transporteur A,Casablanca,Laâyoune,72
CL-20599,Transporteur C,Casablanca,Marrakech,48
CL-20600,Transporteur B,Casablanca,Fès,48
CL-20601,Transporteur C,Casablanca,Agadir,48
CL-20602,Transporteur A,Casablanca,Fès,48
CL-20603,Transporteur D,Tanger,Rabat,48
CL-20604,Transporteur D,Casablanca,Rabat,24
CL-20605,Transporteur B,Casablanca,Oujda,72
CL-20606,Transporteur A,Tanger,Rabat,48
CL-20607,Transporteur B,Tanger,Oujda,72
CL-20608,Transporteur B,Casablanca,Tanger,48
CL-20609,Transporteur A,Casablanca,Agadir,48
CL-20610,Transporteur B,Casablanca,Oujda,72
CL-20611,Transporteur B,Marrakech,Laâyoune,72
CL-20612,Transporteur C,Casablanca,Rabat,24
CL-20613,Transporteur D,Tanger,Fès,24
CL-20614,Transporteur C,Marrakech,Oujda,72
CL-20615,Transporteur A,Tanger,Casablanca,48
CL-20616,Transporteur B,Agadir,Fès,48
CL-20617,Transporteur A,Tanger,Casablanca,48
CL-20618,Transporteur B,Tanger,Fès,24
CL-20619,Transporteur D,Fès,Oujda,72
CL-20620,Transporteur B,Rabat,Tanger,48
CL-20621,Transporteur A,Casablanca,Oujda,72
CL-20622,Transporteur D,Casablanca,Marrakech,48
CL-20623,Transporteur C,Casablanca,Tanger,48
CL-20624,Transporteur C,Fès,Tanger,24
CL-20625,Transporteur C,Casablanca,Oujda,72
CL-20626,Transporteur D,Casablanca,Oujda,72
CL-20627,Transporteur C,Casablanca,Tanger,48
CL-20628,Transporteur A,Agadir,Fès,48
CL-20629,Transporteur C,Rabat,Oujda,72
CL-20630,Transporteur B,Tanger,Fès,24
CL-20631,Transporteur C,Agadir,Rabat,48
CL-20632,Transporteur A,Agadir,Marrakech,24
CL-20633,Transporteur A,Marrakech,Fès,48
CL-20634,Transporteur A,Casablanca,Marrakech,48
CL-20635,Transporteur A,Casablanca,Tanger,48
CL-20636,Transporteur A,Tanger,Agadir,48
CL-20637,Transporteur C,Agadir,Tanger,48
CL-20638,Transporteur D,Casablanca,Rabat,24
CL-20639,Transporteur A,Rabat,Tanger,48
CL-20640,Transporteur D,Casablanca,Agadir,48
CL-20641,Transporteur A,Casablanca,Laâyoune,72
CL-20642,Transporteur A,Casablanca,Marrakech,48
CL-20643,Transporteur A,Marrakech,Oujda,72
CL-20644,Transporteur B,Casablanca,Agadir,48
CL-20645,Transporteur B,Rabat,Fès,48
CL-20646,Transporteur D,Casablanca,Rabat,24
CL-20647,Transporteur B,Casablanca,Tanger,48
CL-20648,Transporteur B,Tanger,Fès,24
CL-20649,Transporteur D,Tanger,Laâyoune,72
CL-20650,Transporteur B,Marrakech,Laâyoune,72
CL-20651,Transporteur D,Rabat,Agadir,48
CL-20652,Transporteur B,Tanger,Casablanca,48
CL-20653,Transporteur B,Tanger,Rabat,48
CL-20654,Transporteur C,Casablanca,Agadir,48
CL-20655,Transporteur C,Tanger,Agadir,48
CL-20656,Transporteur A,Casablanca,Oujda,72
CL-20657,Transporteur B,Casablanca,Oujda,72
CL-20658,Transporteur C,Casablanca,Agadir,48
CL-20659,Transporteur D,Casablanca,Fès,48
CL-20660,Transporteur B,Tanger,Fès,24
CL-20661,Transporteur A,Agadir,Marrakech,24
CL-20662,Transporteur B,Rabat,Tanger,48
CL-20663,Transporteur C,Casablanca,Laâyoune,72
CL-20664,Transporteur B,Tanger,Rabat,48
CL-20665,Transporteur B,Rabat,Oujda,72
CL-20666,Transporteur B,Casablanca,Tanger,48
CL-20667,Transporteur B,Fès,Laâyoune,72
CL-20668,Transporteur A,Tanger,Fès,24
CL-20669,Transporteur B,Casablanca,Tanger,48
CL-20670,Transporteur A,Fès,Laâyoune,72
CL-20671,Transporteur A,Tanger,Laâyoune,72
CL-20672,Transporteur C,Casablanca,Agadir,48
CL-20673,Transporteur B,Marrakech,Rabat,48
CL-20674,Transporteur A,Fès,Tanger,24
CL-20675,Transporteur C,Tanger,Laâyoune,72
CL-20676,Transporteur A,Tanger,Laâyoune,72
CL-20677,Transporteur C,Marrakech,Fès,48
CL-20678,Transporteur B,Rabat,Casablanca,24
CL-20679,Transporteur A,Casablanca,Fès,48
CL-20680,Transporteur C,Casablanca,Oujda,72
CL-20681,Transporteur D,Tanger,Oujda,72
CL-20682,Transporteur B,Fès,Oujda,72
CL-20683,Transporteur D,Marrakech,Tanger,48
CL-20684,Transporteur D,Casablanca,Rabat,24
CL-20685,Transporteur A,Rabat,Casablanca,24
CL-20686,Transporteur D,Casablanca,Agadir,48
CL-20687,Transporteur D,Fès,Tanger,24
CL-20688,Transporteur D,Fès,Tanger,24
CL-20689,Transporteur A,Casablanca,Agadir,48
CL-20690,Transporteur C,Marrakech,Casablanca,48
CL-20691,Transporteur D,Casablanca,Fès,48
CL-20692,Transporteur A,Marrakech,Oujda,72
CL-20693,Transporteur C,Casablanca,Marrakech,48
CL-20694,Transporteur C,Tanger,Laâyoune,72
CL-20695,Transporteur A,Tanger,Casablanca,48
CL-20696,Transporteur B,Fès,Tanger,24
CL-20697,Transporteur A,Tanger,Fès,24
CL-20698,Transporteur B,Casablanca,Rabat,24
CL-20699,Transporteur D,Casablanca,Fès,48
CL-20700,Transporteur C,Casablanca,Oujda,72
CL-20701,Transporteur D,Casablanca,Agadir,48
CL-20702,Transporteur A,Fès,Agadir,48
CL-20703,Transporteur A,Tanger,Fès,24
CL-20704,Transporteur A,Casablanca,Laâyoune,72
CL-20705,Transporteur C,Casablanca,Oujda,72
CL-20706,Transporteur C,Tanger,Marrakech,48
CL-20707,Transporteur B,Rabat,Agadir,48
CL-20708,Transporteur A,Casablanca,Oujda,72
CL-20709,Transporteur A,Casablanca,Fès,48
CL-20710,Transporteur A,Casablanca,Marrakech,48
CL-20711,Transporteur D,Casablanca,Oujda,72
CL-20712,Transporteur D,Casablanca,Rabat,24
CL-20713,Transporteur D,Casablanca,Laâyoune,72
CL-20714,Transporteur A,Rabat,Agadir,48
CL-20715,Transporteur A,Fès,Rabat,48
CL-20716,Transporteur A,Casablanca,Fès,48
CL-20717,Transporteur D,Casablanca,Fès,48
CL-20718,Transporteur A,Casablanca,Fès,48
CL-20719,Transporteur B,Casablanca,Fès,48
CL-20720,Transporteur C,Casablanca,Tanger,48
CL-20721,Transporteur B,Rabat,Agadir,48
CL-20722,Transporteur B,Fès,Marrakech,48
CL-20723,Transporteur C,Casablanca,Rabat,24
CL-20724,Transporteur A,Casablanca,Marrakech,48
CL-20725,Transporteur B,Tanger,Laâyoune,72
CL-20726,Transporteur B,Casablanca,Marrakech,48
CL-20727,Transporteur C,Casablanca,Agadir,48
CL-20728,Transporteur A,Tanger,Marrakech,48
CL-20729,Transporteur A,Casablanca,Rabat,24
CL-20730,Transporteur C,Casablanca,Marrakech,48
CL-20731,Transporteur D,Rabat,Laâyoune,72
CL-20732,Transporteur C,Rabat,Casablanca,24
CL-20733,Transporteur C,Casablanca,Agadir,48
CL-20734,Transporteur C,Marrakech,Casablanca,48
CL-20735,Transporteur C,Rabat,Fès,48
CL-20736,Transporteur C,Casablanca,Tanger,48
CL-20737,Transporteur B,Casablanca,Fès,48
CL-20738,Transporteur C,Rabat,Laâyoune,72
CL-20739,Transporteur C,Marrakech,Laâyoune,72
CL-20740,Transporteur A,Fès,Casablanca,48
CL-20741,Transporteur A,Marrakech,Laâyoune,72
CL-20742,Transporteur C,Casablanca,Rabat,24
CL-20743,Transporteur B,Tanger,Marrakech,48
CL-20744,Transporteur A,Casablanca,Marrakech,48
CL-20745,Transporteur C,Casablanca,Agadir,48
CL-20746,Transporteur A,Rabat,Agadir,48
CL-20747,Transporteur A,Casablanca,Marrakech,48
CL-20748,Transporteur A,Tanger,Fès,24
CL-20749,Transporteur C,Marrakech,Agadir,24
CL-20750,Transporteur A,Rabat,Marrakech,48
CL-20751,Transporteur C,Tanger,Laâyoune,72
CL-20752,Transporteur A,Marrakech,Oujda,72
CL-20753,Transporteur A,Tanger,Laâyoune,72
CL-20754,Transporteur B,Casablanca,Agadir,48
CL-20755,Transporteur A,Marrakech,Tanger,48
CL-20756,Transporteur B,Fès,Rabat,48
CL-20757,Transporteur A,Tanger,Casablanca,48
CL-20758,Transporteur B,Tanger,Fès,24
CL-20759,Transporteur B,Tanger,Fès,24
CL-20760,Transporteur C,Tanger,Marrakech,48
CL-20761,Transporteur A,Tanger,Laâyoune,72
CL-20762,Transporteur C,Casablanca,Rabat,24
CL-20763,Transporteur D,Casablanca,Laâyoune,72
CL-20764,Transporteur A,Casablanca,Laâyoune,72
CL-20765,Transporteur B,Casablanca,Fès,48
CL-20766,Transporteur D,Marrakech,Laâyoune,72
CL-20767,Transporteur A,Casablanca,Oujda,72
CL-20768,Transporteur A,Rabat,Tanger,48
CL-20769,Transporteur A,Casablanca,Tanger,48
CL-20770,Transporteur A,Rabat,Casablanca,24
CL-20771,Transporteur A,Casablanca,Laâyoune,72
CL-20772,Transporteur D,Fès,Oujda,72
CL-20773,Transporteur B,Tanger,Laâyoune,72
CL-20774,Transporteur C,Rabat,Tanger,48
CL-20775,Transporteur B,Casablanca,Marrakech,48
CL-20776,Transporteur A,Marrakech,Tanger,48
CL-20777,Transporteur A,Tanger,Agadir,48
CL-20778,Transporteur C,Casablanca,Rabat,24
CL-20779,Transporteur B,Rabat,Tanger,48
CL-20780,Transporteur D,Rabat,Oujda,72
CL-20781,Transporteur A,Casablanca,Agadir,48
CL-20782,Transporteur A,Casablanca,Laâyoune,72
CL-20783,Transporteur B,Rabat,Agadir,48
CL-20784,Transporteur C,Tanger,Marrakech,48
CL-20785,Transporteur D,Casablanca,Oujda,72
CL-20786,Transporteur B,Casablanca,Oujda,72
CL-20787,Transporteur D,Casablanca,Tanger,48
CL-20788,Transporteur B,Fès,Oujda,72
CL-20789,Transporteur A,Fès,Casablanca,48
CL-20790,Transporteur D,Tanger,Rabat,48
CL-20791,Transporteur A,Casablanca,Fès,48
CL-20792,Transporteur D,Casablanca,Agadir,48
CL-20793,Transporteur B,Rabat,Oujda,72
CL-20794,Transporteur B,Rabat,Tanger,48
CL-20795,Transporteur A,Casablanca,Agadir,48
CL-20796,Transporteur C,Casablanca,Rabat,24
CL-20797,Transporteur B,Marrakech,Oujda,72
CL-20798,Transporteur A,Agadir,Oujda,72
CL-20799,Transporteur D,Casablanca,Fès,48
CL-20800,Transporteur C,Rabat,Oujda,72
CL-20801,Transporteur C,Casablanca,Laâyoune,72
CL-20802,Transporteur A,Tanger,Fès,24
CL-20803,Transporteur A,Fès,Casablanca,48
CL-20804,Transporteur B,Tanger,Fès,24
CL-20805,Transporteur B,Rabat,Casablanca,24
CL-20806,Transporteur D,Tanger,Laâyoune,72
CL-20807,Transporteur A,Agadir,Laâyoune,72
CL-20808,Transporteur A,Tanger,Agadir,48
CL-20809,Transporteur B,Tanger,Oujda,72
CL-20810,Transporteur D,Tanger,Laâyoune,72
CL-20811,Transporteur B,Rabat,Oujda,72
CL-20812,Transporteur A,Casablanca,Oujda,72
CL-20813,Transporteur B,Casablanca,Tanger,48
CL-20814,Transporteur C,Casablanca,Tanger,48
CL-20815,Transporteur C,Fès,Rabat,48
CL-20816,Transporteur A,Tanger,Agadir,48
CL-20817,Transporteur A,Casablanca,Oujda,72
CL-20818,Transporteur B,Tanger,Laâyoune,72
CL-20819,Transporteur A,Casablanca,Agadir,48
CL-20820,Transporteur A,Tanger,Marrakech,48
CL-20821,Transporteur A,Fès,Casablanca,48
CL-20822,Transporteur C,Rabat,Agadir,48
CL-20823,Transporteur C,Tanger,Oujda,72
CL-20824,Transporteur A,Casablanca,Rabat,24
CL-20825,Transporteur C,Fès,Laâyoune,72
CL-20826,Transporteur D,Tanger,Fès,24
CL-20827,Transporteur C,Tanger,Casablanca,48
CL-20828,Transporteur C,Tanger,Agadir,48
CL-20829,Transporteur C,Marrakech,Agadir,24
CL-20830,Transporteur A,Marrakech,Rabat,48
CL-20831,Transporteur A,Marrakech,Casablanca,48
CL-20832,Transporteur C,Tanger,Marrakech,48
CL-20833,Transporteur D,Fès,Oujda,72
CL-20834,Transporteur A,Fès,Casablanca,48
CL-20835,Transporteur C,Casablanca,Oujda,72
CL-20836,Transporteur C,Casablanca,Rabat,24
CL-20837,Transporteur C,Marrakech,Agadir,24
CL-20838,Transporteur A,Casablanca,Tanger,48
CL-20839,Transporteur B,Casablanca,Agadir,48
CL-20840,Transporteur A,Fès,Marrakech,48
CL-20841,Transporteur A,Agadir,Marrakech,24
CL-20842,Transporteur B,Casablanca,Rabat,24
CL-20843,Transporteur A,Casablanca,Agadir,48
CL-20844,Transporteur C,Tanger,Laâyoune,72
CL-20845,Transporteur B,Casablanca,Fès,48
CL-20846,Transporteur B,Rabat,Marrakech,48
CL-20847,Transporteur A,Rabat,Marrakech,48
CL-20848,Transporteur A,Casablanca,Rabat,24
CL-20849,Transporteur C,Tanger,Oujda,72
CL-20850,Transporteur B,Fès,Marrakech,48
CL-20851,Transporteur C,Rabat,Agadir,48
CL-20852,Transporteur C,Marrakech,Agadir,24
CL-20853,Transporteur A,Tanger,Fès,24
CL-20854,Transporteur A,Casablanca,Agadir,48
CL-20855,Transporteur C,Agadir,Oujda,72
CL-20856,Transporteur A,Rabat,Laâyoune,72
CL-20857,Transporteur D,Casablanca,Agadir,48
CL-20858,Transporteur D,Fès,Casablanca,48
CL-20859,Transporteur A,Tanger,Casablanca,48
CL-20860,Transporteur B,Fès,Oujda,72
CL-20861,Transporteur D,Casablanca,Fès,48
CL-20862,Transporteur C,Casablanca,Agadir,48
CL-20863,Transporteur D,Casablanca,Marrakech,48
CL-20864,Transporteur A,Tanger,Laâyoune,72
CL-20865,Transporteur C,Rabat,Laâyoune,72
CL-20866,Transporteur C,Casablanca,Laâyoune,72
CL-20867,Transporteur A,Rabat,Casablanca,24
CL-20868,Transporteur A,Agadir,Rabat,48
CL-20869,Transporteur C,Casablanca,Rabat,24
CL-20870,Transporteur A,Rabat,Tanger,48
CL-20871,Transporteur D,Casablanca,Fès,48
CL-20872,Transporteur A,Casablanca,Fès,48
CL-20873,Transporteur D,Agadir,Laâyoune,72
CL-20874,Transporteur B,Tanger,Rabat,48
CL-20875,Transporteur B,Fès,Laâyoune,72
CL-20876,Transporteur A,Rabat,Laâyoune,72
CL-20877,Transporteur B,Tanger,Casablanca,48
CL-20878,Transporteur C,Marrakech,Agadir,24
CL-20879,Transporteur C,Tanger,Rabat,48
CL-20880,Transporteur A,Casablanca,Laâyoune,72
CL-20881,Transporteur D,Marrakech,Fès,48
CL-20882,Transporteur C,Rabat,Tanger,48
CL-20883,Transporteur B,Agadir,Rabat,48
CL-20884,Transporteur A,Tanger,Rabat,48
CL-20885,Transporteur C,Casablanca,Agadir,48
CL-20886,Transporteur D,Agadir,Casablanca,48
CL-20887,Transporteur C,Casablanca,Marrakech,48
CL-20888,Transporteur A,Fès,Casablanca,48
CL-20889,Transporteur B,Rabat,Tanger,48
CL-20890,Transporteur A,Casablanca,Marrakech,48
CL-20891,Transporteur B,Marrakech,Oujda,72
CL-20892,Transporteur D,Marrakech,Laâyoune,72
CL-20893,Transporteur D,Tanger,Oujda,72
CL-20894,Transporteur A,Fès,Laâyoune,72
CL-20895,Transporteur D,Rabat,Casablanca,24
CL-20896,Transporteur B,Casablanca,Marrakech,48
CL-20897,Transporteur A,Marrakech,Laâyoune,72
CL-20898,Transporteur B,Casablanca,Oujda,72
CL-20899,Transporteur B,Rabat,Marrakech,48
CL-20900,Transporteur A,Marrakech,Casablanca,48
